{"uuids": {"phone_id": "4d83d93d-2794-485e-86a6-e4efa9a755d7", "uuid": "0d16a37d-c42a-46cf-87b0-aaadc44e64e2", "client_session_id": "0c961339-4822-4cdd-aa9a-cbeb59966b6b", "advertising_id": "3a56fea5-d58d-4a5d-b743-b00b5b482ae5", "device_id": "android-e0d851f0eb622c7b"}, "cookie": {"csrftoken": "LvHhNRYiyRUUFqqjxXzmcsiDmzTjJ2bT", "ds_user": "andres__trainer", "ds_user_id": "362418871", "igfl": "andres__trainer", "is_starred_enabled": "yes", "mid": "Xim5XAABAAFkfpcKuM3CxWtTKBFB", "rur": "ATN", "sessionid": "362418871%3AY91nAaibDSeYD1%3A8", "shbid": "16397", "shbts": "1579792734.48671", "urlgen": "\"{200.16.119.88: 26605}:1iv8Jn:CwreSYfqms_O21nwldb144aYtQs\""}, "timing_value": {"last_login": 1579908154.421376, "last_experiments": 1579908162.5041597}, "device_settings": {"instagram_version": "105.0.0.18.119", "android_version": 28, "android_release": "9.0", "dpi": "420dpi", "resolution": "1080x2260", "manufacturer": "OnePlus", "device": "GM1903", "model": "OnePlus7", "cpu": "qcom"}, "user_agent": "Instagram 105.0.0.18.119 Android (28/9.0; 420dpi; 1080x2260; OnePlus; GM1903; OnePlus7; qcom; en_US)"}