{"uuids": {"phone_id": "39f3cc84-1dcd-45f5-88db-d52a0b0d08f7", "uuid": "e056bcbd-a219-4530-82e5-21f37ebefe0b", "client_session_id": "b998e294-6f8c-47db-b322-5d45a7dcf79c", "advertising_id": "918f4e95-e487-4c9f-9944-6b934fc1c5e8", "device_id": "android-e0d851f0eb622c7b"}, "cookie": {"csrftoken": "FK60s47oH2KuCJKTW8mxe9NWwwLhSeAT", "ds_user": "andres__trainer", "ds_user_id": "362418871", "igfl": "andres__trainer", "is_starred_enabled": "yes", "mid": "XiipKgABAAGTFR33mh30fS4v1tAh", "rur": "ATN", "sessionid": "362418871%3AXXBUkQCmciPvyS%3A28", "shbid": "16397", "shbts": "1579723053.3233929", "urlgen": "\"{200.16.119.88: 26605}:1iueFN:TomQZv6GAWW8_egdkTPK_9d1T9U\""}, "timing_value": {"last_login": 1579792566.5109553, "last_experiments": 1579792570.075716}, "device_settings": {"instagram_version": "105.0.0.18.119", "android_version": 28, "android_release": "9.0", "dpi": "420dpi", "resolution": "1080x2260", "manufacturer": "OnePlus", "device": "GM1903", "model": "OnePlus7", "cpu": "qcom"}, "user_agent": "Instagram 105.0.0.18.119 Android (28/9.0; 420dpi; 1080x2260; OnePlus; GM1903; OnePlus7; qcom; en_US)"}