{"uuids": {"phone_id": "58935e63-2362-4123-853d-c66527cd6395", "uuid": "9d88dcd3-730f-42f9-a052-6378178a0217", "client_session_id": "6433ed80-e3e8-4bc4-aa24-a78d7c0b0e6a", "advertising_id": "17f16a60-fd5a-47a4-a56a-3c694509da7f", "device_id": "android-c75a4751cab7017b"}, "cookie": {"csrftoken": "ioju6YGiwChFgQeFDU5ahOc2wN1AF2KI", "ds_user": "carlos_hinojosa93", "ds_user_id": "1303725934", "igfl": "carlos_hinojosa93", "is_starred_enabled": "yes", "mid": "Xii9kgABAAFhv5ejkdBNQmfSuCdI", "rur": "ATN", "sessionid": "1303725934%3AsCGiJjKUJRCxnT%3A4", "shbid": "16397", "shbts": "1579728288.8831756", "urlgen": "\"{200.16.119.88: 26605}:1iuesS:hjKdXzKCreZ8fLcOaMxc_CvStdE\""}, "timing_value": {"last_login": 1579794988.817878, "last_experiments": 1579794993.0743144}, "device_settings": {"instagram_version": "105.0.0.18.119", "android_version": 28, "android_release": "9.0", "dpi": "420dpi", "resolution": "1080x2260", "manufacturer": "OnePlus", "device": "GM1903", "model": "OnePlus7", "cpu": "qcom"}, "user_agent": "Instagram 105.0.0.18.119 Android (28/9.0; 420dpi; 1080x2260; OnePlus; GM1903; OnePlus7; qcom; en_US)"}